{"cameraMode":{"drawMode":0,"name":"Shaded","section":"Shading Mode"},"sceneLighting":false,"audioPlay":false,"sceneViewState":{"m_AlwaysRefresh":false,"showFog":true,"showSkybox":false,"showFlares":true,"showImageEffects":true,"showParticleSystems":true,"showVisualEffectGraphs":true,"m_FxEnabled":true},"in2DMode":false,"pivot":{"x":-0.05089443922042847,"y":1.1155372858047486,"z":0.10796105861663819},"rotation":{"x":-0.028391757979989053,"y":0.9690605401992798,"z":-0.13399118185043336,"w":-0.20533663034439088},"size":1.803564429283142,"orthographic":true}