{"cameraMode":{"drawMode":0,"name":"Shaded","section":"Shading Mode"},"sceneLighting":false,"audioPlay":false,"sceneViewState":{"m_AlwaysRefresh":false,"showFog":true,"showSkybox":false,"showFlares":true,"showImageEffects":true,"showParticleSystems":true,"showVisualEffectGraphs":true,"m_FxEnabled":true},"in2DMode":false,"pivot":{"x":0.045412302017211917,"y":1.0711437463760377,"z":-0.0325472354888916},"rotation":{"x":0.16454817354679109,"y":0.8216833472251892,"z":-0.29417604207992556,"w":0.45961257815361025},"size":1.8717589378356934,"orthographic":true}