{"cameraMode":{"drawMode":0,"name":"Shaded","section":"Shading Mode"},"sceneLighting":false,"audioPlay":false,"sceneViewState":{"m_AlwaysRefresh":false,"showFog":true,"showSkybox":false,"showFlares":true,"showImageEffects":true,"showParticleSystems":true,"showVisualEffectGraphs":true,"m_FxEnabled":true},"in2DMode":false,"pivot":{"x":1.1920928955078126e-7,"y":0.29999858140945437,"z":-1.1920928955078126e-7},"rotation":{"x":0.16454817354679109,"y":0.8216833472251892,"z":-0.29417604207992556,"w":0.45961257815361025},"size":0.9500000476837158,"orthographic":true}