{"cameraMode":{"drawMode":0,"name":"Shaded","section":"Shading Mode"},"sceneLighting":false,"audioPlay":false,"sceneViewState":{"m_AlwaysRefresh":false,"showFog":true,"showSkybox":true,"showFlares":true,"showImageEffects":true,"showParticleSystems":true,"showVisualEffectGraphs":true,"m_FxEnabled":true},"in2DMode":false,"pivot":{"x":130.87208557128907,"y":57.84606170654297,"z":-49.844417572021487},"rotation":{"x":0.3772509694099426,"y":0.15122129023075105,"z":-0.06258492171764374,"w":0.911535382270813},"size":187.95086669921876,"orthographic":true}