{"cameraMode":{"drawMode":0,"name":"Shaded","section":"Shading Mode"},"sceneLighting":false,"audioPlay":false,"sceneViewState":{"m_AlwaysRefresh":false,"showFog":true,"showSkybox":true,"showFlares":true,"showImageEffects":true,"showParticleSystems":true,"showVisualEffectGraphs":true,"m_FxEnabled":true},"in2DMode":false,"pivot":{"x":13.206354141235352,"y":3.9073662757873537,"z":-60.698150634765628},"rotation":{"x":0.11648857593536377,"y":0.873419463634491,"z":-0.2558887302875519,"w":0.39760828018188479},"size":38.55905532836914,"orthographic":true}