{"cameraMode":{"drawMode":0,"name":"Shaded","section":"Shading Mode"},"sceneLighting":true,"audioPlay":false,"sceneViewState":{"m_AlwaysRefresh":false,"showFog":true,"showSkybox":true,"showFlares":true,"showImageEffects":true,"showParticleSystems":true,"showVisualEffectGraphs":true,"m_FxEnabled":true},"in2DMode":false,"pivot":{"x":0.7035326957702637,"y":0.9600103497505188,"z":0.4403790533542633},"rotation":{"x":-0.008759072050452233,"y":0.9889838695526123,"z":-0.06536779552698136,"w":-0.13252118229866029},"size":1.8304892778396607,"orthographic":true}