{"cameraMode":{"drawMode":0,"name":"Shaded","section":"Shading Mode"},"sceneLighting":true,"audioPlay":false,"sceneViewState":{"m_AlwaysRefresh":false,"showFog":true,"showSkybox":true,"showFlares":true,"showImageEffects":true,"showParticleSystems":true,"showVisualEffectGraphs":true,"m_FxEnabled":true},"in2DMode":false,"pivot":{"x":0.21621723473072053,"y":0.7827243804931641,"z":4.124293327331543},"rotation":{"x":0.033308520913124087,"y":0.6083038449287415,"z":-0.025563836097717286,"w":0.7925934791564941},"size":1.1489125490188599,"orthographic":true}