{"cameraMode":{"drawMode":0,"name":"Shaded","section":"Shading Mode"},"sceneLighting":false,"audioPlay":false,"sceneViewState":{"m_AlwaysRefresh":false,"showFog":true,"showSkybox":true,"showFlares":true,"showImageEffects":true,"showParticleSystems":true,"showVisualEffectGraphs":true,"m_FxEnabled":true},"in2DMode":false,"pivot":{"x":0.01017618179321289,"y":1.2820340394973755,"z":-0.028821855783462526},"rotation":{"x":0.014512058347463608,"y":0.9469859004020691,"z":-0.04321249946951866,"w":0.318026602268219},"size":1.8902243375778199,"orthographic":true}