{"cameraMode":{"drawMode":0,"name":"Shaded","section":"Shading Mode"},"sceneLighting":true,"audioPlay":false,"sceneViewState":{"m_AlwaysRefresh":false,"showFog":true,"showSkybox":true,"showFlares":true,"showImageEffects":true,"showParticleSystems":true,"showVisualEffectGraphs":true,"m_FxEnabled":true},"in2DMode":false,"pivot":{"x":-1.1917297840118409,"y":-0.47586971521377566,"z":1.522239089012146},"rotation":{"x":-0.07890406996011734,"y":0.9076136350631714,"z":-0.19801001250743867,"w":-0.3616707921028137},"size":3.0741641521453859,"orthographic":true}