{"cameraMode":{"drawMode":0,"name":"Shaded","section":"Shading Mode"},"sceneLighting":true,"audioPlay":false,"sceneViewState":{"m_AlwaysRefresh":false,"showFog":true,"showSkybox":true,"showFlares":true,"showImageEffects":true,"showParticleSystems":true,"showVisualEffectGraphs":true,"m_FxEnabled":true},"in2DMode":false,"pivot":{"x":-0.7645148038864136,"y":-0.12487593293190003,"z":0.8959795236587524},"rotation":{"x":-0.07890406996011734,"y":0.9076136350631714,"z":-0.19801001250743867,"w":-0.3616707921028137},"size":2.3321008682250978,"orthographic":true}