{"cameraMode":{"drawMode":0,"name":"Shaded","section":"Shading Mode"},"sceneLighting":false,"audioPlay":false,"sceneViewState":{"m_AlwaysRefresh":false,"showFog":true,"showSkybox":true,"showFlares":true,"showImageEffects":true,"showParticleSystems":true,"showVisualEffectGraphs":true,"m_FxEnabled":true},"in2DMode":false,"pivot":{"x":-1.1920928955078126e-7,"y":1.046694040298462,"z":-0.041092246770858768},"rotation":{"x":0.03740358725190163,"y":0.9597868323326111,"z":-0.23060576617717744,"w":0.155673548579216},"size":18.910409927368165,"orthographic":true}