{"cameraMode":{"drawMode":0,"name":"Shaded","section":"Shading Mode"},"sceneLighting":true,"audioPlay":false,"sceneViewState":{"m_AlwaysRefresh":false,"showFog":true,"showSkybox":true,"showFlares":true,"showImageEffects":true,"showParticleSystems":true,"showVisualEffectGraphs":true,"m_FxEnabled":true},"in2DMode":false,"pivot":{"x":1.3258216381072999,"y":1.0675392150878907,"z":4.908964157104492},"rotation":{"x":0.14479096233844758,"y":-0.6113518476486206,"z":0.1150413379073143,"w":0.7694485783576965},"size":2.9411728382110597,"orthographic":true}