{"cameraMode":{"drawMode":0,"name":"Shaded","section":"Shading Mode"},"sceneLighting":true,"audioPlay":false,"sceneViewState":{"m_AlwaysRefresh":false,"showFog":true,"showSkybox":true,"showFlares":true,"showImageEffects":true,"showParticleSystems":true,"showVisualEffectGraphs":true,"m_FxEnabled":true},"in2DMode":false,"pivot":{"x":0.9019835591316223,"y":0.8658791184425354,"z":0.4661087989807129},"rotation":{"x":0.0044731562957167629,"y":0.9954583048820496,"z":-0.072998046875,"w":0.060998186469078067},"size":0.9742036461830139,"orthographic":true}