{"cameraMode":{"drawMode":0,"name":"Shaded","section":"Shading Mode"},"sceneLighting":false,"audioPlay":false,"sceneViewState":{"m_AlwaysRefresh":false,"showFog":true,"showSkybox":true,"showFlares":true,"showImageEffects":true,"showParticleSystems":true,"showVisualEffectGraphs":true,"m_FxEnabled":true},"in2DMode":false,"pivot":{"x":337.1839599609375,"y":290.62103271484377,"z":12.956971168518067},"rotation":{"x":0.014300988055765629,"y":0.9846342206001282,"z":-0.14398233592510224,"w":0.09779682755470276},"size":209.0257568359375,"orthographic":true}