{"cameraMode":{"drawMode":0,"name":"Shaded","section":"Shading Mode"},"sceneLighting":true,"audioPlay":false,"sceneViewState":{"m_AlwaysRefresh":false,"showFog":true,"showSkybox":true,"showFlares":true,"showImageEffects":true,"showParticleSystems":true,"showVisualEffectGraphs":true,"m_FxEnabled":true},"in2DMode":false,"pivot":{"x":0.02137962356209755,"y":2.126368522644043,"z":3.522050619125366},"rotation":{"x":-0.14082381129264832,"y":0.36918777227401736,"z":-0.05670344457030296,"w":-0.9168748259544373},"size":2.2365024089813234,"orthographic":true}