{"cameraMode":{"drawMode":0,"name":"Shaded","section":"Shading Mode"},"sceneLighting":false,"audioPlay":false,"sceneViewState":{"m_AlwaysRefresh":false,"showFog":true,"showSkybox":true,"showFlares":true,"showImageEffects":true,"showParticleSystems":true,"showVisualEffectGraphs":true,"m_FxEnabled":true},"in2DMode":false,"pivot":{"x":226.67723083496095,"y":74.23341369628906,"z":141.19578552246095},"rotation":{"x":0.6220841407775879,"y":-0.0009406612371094525,"z":0.0007453275029547513,"w":0.7829567193984985},"size":150.25479125976563,"orthographic":true}