{"cameraMode":{"drawMode":0,"name":"Shaded","section":"Shading Mode"},"sceneLighting":false,"audioPlay":false,"sceneViewState":{"m_AlwaysRefresh":false,"showFog":true,"showSkybox":false,"showFlares":true,"showImageEffects":true,"showParticleSystems":true,"showVisualEffectGraphs":true,"m_FxEnabled":true},"in2DMode":false,"pivot":{"x":-1.4901161193847657e-7,"y":1.2258961200714112,"z":0.019333839416503907},"rotation":{"x":-0.028391757979989053,"y":0.9690605401992798,"z":-0.13399118185043336,"w":-0.20533663034439088},"size":1.9141861200332642,"orthographic":true}