{"cameraMode":{"drawMode":0,"name":"Shaded","section":"Shading Mode"},"sceneLighting":false,"audioPlay":false,"sceneViewState":{"m_AlwaysRefresh":false,"showFog":true,"showSkybox":false,"showFlares":true,"showImageEffects":true,"showParticleSystems":true,"showVisualEffectGraphs":true,"m_FxEnabled":true},"in2DMode":false,"pivot":{"x":-2.384185791015625e-7,"y":0.09639622271060944,"z":0.00001239776611328125},"rotation":{"x":0.16454817354679109,"y":0.8216833472251892,"z":-0.29417604207992556,"w":0.45961257815361025},"size":2.835237503051758,"orthographic":true}